{
  "schema": "1.0",
  "type": "whmcs-gateways",
  "name": "bohudur",
  "license": "MIT",
  "category": "payments",
  "description": {
    "name": "Bohudur",
    "tagline": "Automate Your Payments",
    "long": "Bring payment functionalities in your apps with zero cost.",
    "features": [
      "Totally free. No need to pay.",
      "Additional Charge System",
      "Auto Currency Exchange",
      "Many more"
    ]
  },
  "logo": {
    "filename": "logo.png"
  },
  "support": {
    "homepage": "https://bohudur.one/",
    "docs_url": "https://documentation.bohudur.one/"
  },
  "authors": [
    {
      "name": "Bohudur",
      "homepage": "https://bohudur.one/"
    }
  ]
}